{"name":"6c256c00-af3d-41be-997d-1465496a3c76","id":"/providers/Microsoft.Flow/flows/6c256c00-af3d-41be-997d-1465496a3c76","type":"Microsoft.Flow/flows","properties":{"apiId":"/providers/Microsoft.PowerApps/apis/shared_logicflows","displayName":"CLEAR Flow (Customer Lifecycle Email Attachment Routing Flow)","definition":{"metadata":{"workflowEntityId":null,"processAdvisorMetadata":null,"flowChargedByPaygo":null,"flowclientsuspensionreason":"None","flowclientsuspensiontime":null,"flowclientsuspensionreasondetails":null,"creator":{"id":"9daf6e23-b23e-41d6-988e-e1089e1ac3f4","type":"User","tenantId":"371ccad3-2a99-4b1d-b04b-cad59ce30df7"},"provisioningMethod":"FromDefinition","failureAlertSubscription":true,"clientLastModifiedTime":"2025-08-04T21:19:13.3379677Z","connectionKeySavedTimeKey":"2025-08-04T21:19:13.3379677Z","creationSource":"Portal","modifiedSources":"Portal"},"$schema":"https://schema.management.azure.com/providers/Microsoft.Logic/schemas/2016-06-01/workflowdefinition.json#","contentVersion":"1.0.0.0","parameters":{"$authentication":{"defaultValue":{},"type":"SecureObject"},"$connections":{"defaultValue":{},"type":"Object"}},"triggers":{"On_new_email":{"splitOn":"@triggerOutputs()?['body/value']","metadata":{"operationMetadataId":"f673a5ee-2fa7-4d25-bdc6-1e674bdf3e65"},"type":"OpenApiConnectionNotification","inputs":{"parameters":{"includeAttachments":false,"importance":"Any","fetchOnlyWithAttachment":false,"folderPath":"Inbox"},"host":{"apiId":"/providers/Microsoft.PowerApps/apis/shared_office365","connectionName":"shared_office365","operationId":"OnNewEmailV3"},"authentication":"@parameters('$authentication')"}}},"actions":{"For_each":{"foreach":"@triggerOutputs()?['body/attachments']","actions":{"If_PDF_Attachment":{"actions":{"List_files_in_folder_(excel)":{"runAfter":{"Process_invoices_(attachment)":["Succeeded"]},"metadata":{"b!-RFusWbFwUeVFD0PMQ0--eVKZFsDGVhPiOq67WtXzZKmK7Y5c0WqRL5BkNj4gJk5.01PUKBJLLNWOCGE672AJBJTI7YKFLVQMXG":"/Order entry workflow","b!-RFusWbFwUeVFD0PMQ0--eVKZFsDGVhPiOq67WtXzZKmK7Y5c0WqRL5BkNj4gJk5.01PUKBJLLEFGQL262AVJFYCUSZVNKFZFA6":"/Order entry workflow/Email Attachments","b!-RFusWbFwUeVFD0PMQ0--eVKZFsDGVhPiOq67WtXzZKmK7Y5c0WqRL5BkNj4gJk5.01PUKBJLNT2QYJHL4EBVHIR5QFZCCGR3BJ":"/Order entry workflow/Account overview","operationMetadataId":"22d27942-51ed-4acd-a7f3-6ef39de4fd8f"},"type":"OpenApiConnection","inputs":{"parameters":{"id":"b!-RFusWbFwUeVFD0PMQ0--eVKZFsDGVhPiOq67WtXzZKmK7Y5c0WqRL5BkNj4gJk5.01PUKBJLNT2QYJHL4EBVHIR5QFZCCGR3BJ"},"host":{"apiId":"/providers/Microsoft.PowerApps/apis/shared_onedriveforbusiness","connectionName":"shared_onedriveforbusiness","operationId":"ListFolderV2"},"authentication":"@parameters('$authentication')"}},"Get_file_content_(attachment)":{"runAfter":{"Create_a_new_file_in_one_drive_(attachment)":["Succeeded"]},"metadata":{"operationMetadataId":"2961cb9f-454b-4e2b-9515-d24a124cbea9"},"type":"OpenApiConnection","inputs":{"parameters":{"id":"@outputs('Create_a_new_file_in_one_drive_(attachment)')?['body/Id']","inferContentType":true},"host":{"apiId":"/providers/Microsoft.PowerApps/apis/shared_onedriveforbusiness","connectionName":"shared_onedriveforbusiness","operationId":"GetFileContent"},"authentication":"@parameters('$authentication')"}},"Process_invoices_(attachment)":{"runAfter":{"Get_file_content_(attachment)":["Succeeded"]},"metadata":{"flowSystemMetadata":{"portalOperationId":"aibuilderpredict_invoiceprocessingpretrained","portalOperationGroup":"aibuilder","portalOperationApiDisplayNameOverride":"AI Builder","portalOperationIconOverride":"https://content.powerapps.com/resource/makerx/static/pauto/images/designeroperations/aiBuilderNew.51dbdb6b.png","portalOperationBrandColorOverride":"#0A76C4","portalOperationApiTierOverride":"Standard"},"operationMetadataId":"738a96e5-c851-4207-97ad-c063726126e6"},"type":"OpenApiConnection","inputs":{"parameters":{"item/requestv2/base64Encoded":"@body('Get_file_content_(attachment)')","recordId":"5ed4d0fd-e9d4-4026-b09b-71f83ea90c60"},"host":{"apiId":"/providers/Microsoft.PowerApps/apis/shared_commondataserviceforapps","connectionName":"shared_commondataserviceforapps","operationId":"aibuilderpredict_invoiceprocessingpretrained"},"authentication":"@parameters('$authentication')"}},"Create_a_new_file_in_one_drive_(attachment)":{"metadata":{"operationMetadataId":"38f49466-5964-454d-84bc-2895ce1912be"},"type":"OpenApiConnection","inputs":{"parameters":{"folderPath":"/Order entry workflow/Email Attachments","name":"@outputs('Get_Attachment_(V2)')?['body/name']","body":"@outputs('Get_Attachment_(V2)')?['body/contentBytes']"},"host":{"apiId":"/providers/Microsoft.PowerApps/apis/shared_onedriveforbusiness","connectionName":"shared_onedriveforbusiness","operationId":"CreateFile"},"authentication":"@parameters('$authentication')"},"runtimeConfiguration":{"contentTransfer":{"transferMode":"Chunked"}}},"Filter_array":{"runAfter":{"List_files_in_folder_(excel)":["Succeeded"]},"metadata":{"operationMetadataId":"85228c1f-7838-4076-9e82-92525c9ac1d7"},"type":"Query","inputs":{"from":"@outputs('List_files_in_folder_(excel)')?['body/value']","where":"@contains(item()?['Name'],outputs('Process_invoices_(attachment)')?['body/responsev2/predictionOutput/result/fields/customerName/valueText'])"}},"Create_table":{"runAfter":{"Delay_2":["Succeeded"]},"metadata":{"operationMetadataId":"5eabf292-3f77-4ac2-a803-04f837d9ec75","tableId":null},"type":"OpenApiConnection","inputs":{"parameters":{"source":"me","drive":"b!-RFusWbFwUeVFD0PMQ0--eVKZFsDGVhPiOq67WtXzZKmK7Y5c0WqRL5BkNj4gJk5","file":"/Order entry workflow/Account overview/@{outputs('Process_invoices_(attachment)')?['body/responsev2/predictionOutput/result/fields/customerName/valueText']}.xlsx","table/Range":"'@{variables('worksheetName')}'! A1:O3","table/TableName":"testTable","table/ColumnsNames":"        amountDue,\n        customerId,\n        customerName,\n        invoiceDate,\n        billingAddress,\n        customerAddress,\n        invoiceId,\n        purchaseOrder,\n        invoiceTotal,\n        shippingAddress,\n        totalTax,\n        lineItemAmount,\n        fieldsunitPrice,\n        lineItemQuantity,\n        lineItemDescription,\n        subtotal"},"host":{"apiId":"/providers/Microsoft.PowerApps/apis/shared_excelonlinebusiness","connectionName":"shared_excelonlinebusiness","operationId":"CreateTable"},"authentication":"@parameters('$authentication')"}},"For_each_1":{"foreach":"@outputs('Process_invoices_(attachment)')?['body/responsev2/predictionOutput/result/items']","actions":{"Parse_JSON_(attachment_to_excel)":{"runAfter":{"Compose":["Succeeded"]},"metadata":{"operationMetadataId":"a3ad650b-d6b3-479c-a2ab-b736d732c96f"},"type":"ParseJson","inputs":{"content":"@outputs('Compose')","schema":{"type":"object","properties":{"amountDue":{"type":["number","null"]},"customerId":{"type":["string","null"]},"customerName":{"type":["string","null"]},"invoiceDate":{"type":["string","null"]},"billingAddress":{"type":["string","null"]},"customerAddress":{"type":["string","null"]},"invoiceId":{"type":["string","null"]},"purchaseOrder":{"type":["string","null"]},"invoiceTotal":{"type":["number","null"]},"shippingAddress":{"type":["string","null"]},"totalTax":{"type":["number","null"]},"lineItemAmount":{"type":["number","null"]},"fieldsunitPrice":{"type":["number","null"]},"lineItemQuantity":{"type":["string","null"]},"lineItemDescription":{"type":["string","null"]},"subtotal":{"type":["number","null"]}}}}},"Add_a_row_into_a_table":{"runAfter":{"Parse_JSON_(attachment_to_excel)":["Succeeded"]},"metadata":{"operationMetadataId":"e422fce0-0950-4715-b7f8-7d1de4650f52","tableId":"testTable"},"type":"OpenApiConnection","inputs":{"parameters":{"source":"me","drive":"b!-RFusWbFwUeVFD0PMQ0--eVKZFsDGVhPiOq67WtXzZKmK7Y5c0WqRL5BkNj4gJk5","file":"/Order entry workflow/Account overview/@{outputs('Process_invoices_(attachment)')?['body/responsev2/predictionOutput/result/fields/customerName/valueText']}.xlsx","table":"testTable","item":"@body('Parse_JSON_(attachment_to_excel)')"},"host":{"apiId":"/providers/Microsoft.PowerApps/apis/shared_excelonlinebusiness","connectionName":"shared_excelonlinebusiness","operationId":"AddRowV2"},"authentication":"@parameters('$authentication')"}},"Compose":{"metadata":{"operationMetadataId":"abcfa681-71fd-4d13-8340-c1ead1705e98"},"type":"Compose","inputs":{"amountDue":"@outputs('Process_invoices_(attachment)')?['body/responsev2/predictionOutput/result/fields/amountDue/valueNumber']","customerId":"@outputs('Process_invoices_(attachment)')?['body/responsev2/predictionOutput/result/fields/customerId/valueText']","customerName":"@outputs('Process_invoices_(attachment)')?['body/responsev2/predictionOutput/result/fields/customerName/valueText']","invoiceDate":"@outputs('Process_invoices_(attachment)')?['body/responsev2/predictionOutput/result/fields/invoiceDate/valueDate']","billingAddress":"@outputs('Process_invoices_(attachment)')?['body/responsev2/predictionOutput/result/fields/billingAddress/valueText']","customerAddress":"@outputs('Process_invoices_(attachment)')?['body/responsev2/predictionOutput/result/fields/customerAddress/valueText']","invoiceId":"@outputs('Process_invoices_(attachment)')?['body/responsev2/predictionOutput/result/fields/invoiceId/valueText']","purchaseOrder":"@outputs('Process_invoices_(attachment)')?['body/responsev2/predictionOutput/result/fields/purchaseOrder/valueText']","invoiceTotal":"@outputs('Process_invoices_(attachment)')?['body/responsev2/predictionOutput/result/fields/invoiceTotal/valueNumber']","shippingAddress":"@outputs('Process_invoices_(attachment)')?['body/responsev2/predictionOutput/result/fields/shippingAddress/valueText']","totalTax":"@outputs('Process_invoices_(attachment)')?['body/responsev2/predictionOutput/result/fields/totalTax/valueNumber']","lineItemAmount":"@items('For_each_1')?['fields/amount/valueNumber']","fieldsunitPrice":"@items('For_each_1')?['fields/unitPrice/valueNumber']","lineItemDescription":"@items('For_each_1')?['fields/description/valueText']","subtotal":"@outputs('Process_invoices_(attachment)')?['body/responsev2/predictionOutput/result/fields/subTotal/valueNumber']","lineItemQuantity":"@items('For_each_1')?['fields/quantity/valueText']"}}},"runAfter":{"Create_table":["Succeeded"]},"metadata":{"operationMetadataId":"36802195-2b66-4a97-816d-876d6d95cbe2"},"type":"Foreach"},"Do_until":{"actions":{"Does_excel_file_exist":{"actions":{},"else":{"actions":{"Copy_file_(excel)":{"metadata":{"b!-RFusWbFwUeVFD0PMQ0--eVKZFsDGVhPiOq67WtXzZKmK7Y5c0WqRL5BkNj4gJk5.01PUKBJLOUALNRMBRLJRB2EYQPCQWLGRI5":"/Order entry workflow/Account overview/Customer_Dashboard_Template.xlsx","operationMetadataId":"98f0809c-ffbe-4fe2-9c0b-c7910311ed68"},"type":"OpenApiConnection","inputs":{"parameters":{"id":"b!-RFusWbFwUeVFD0PMQ0--eVKZFsDGVhPiOq67WtXzZKmK7Y5c0WqRL5BkNj4gJk5.01PUKBJLOUALNRMBRLJRB2EYQPCQWLGRI5","destination":"/Order entry workflow/Account overview/@{outputs('Process_invoices_(attachment)')?['body/responsev2/predictionOutput/result/fields/customerName/valueText']}.xlsx","overwrite":false},"host":{"apiId":"/providers/Microsoft.PowerApps/apis/shared_onedriveforbusiness","connectionName":"shared_onedriveforbusiness","operationId":"CopyDriveFile"},"authentication":"@parameters('$authentication')"}},"Delay":{"runAfter":{"Copy_file_(excel)":["Succeeded"]},"metadata":{"operationMetadataId":"2d767966-430b-4c0a-a574-35971db4a916"},"type":"Wait","inputs":{"interval":{"count":5,"unit":"Second"}}}}},"expression":{"and":[{"greater":["@length(body('Filter_array'))",0]}]},"metadata":{"operationMetadataId":"408e4dc1-8cee-404d-8752-d2384f33a1d9"},"type":"If"},"Set_fileReady":{"runAfter":{"Create_worksheet":["Succeeded"]},"metadata":{"operationMetadataId":"c3dbe50e-ae5e-42ed-b544-9378a5cac8b9"},"type":"SetVariable","inputs":{"name":"fileReady","value":true}},"Set_worksheetName":{"runAfter":{"Set_fileReady":["Succeeded"]},"metadata":{"operationMetadataId":"1c02b972-395f-4243-abfc-6d9d7f2c7c47"},"type":"SetVariable","inputs":{"name":"worksheetName","value":"@outputs('Create_worksheet')?['body/name']"}},"Delay_1":{"runAfter":{"Set_worksheetName":["Succeeded"]},"metadata":{"operationMetadataId":"b1757d89-ea2d-44ef-8b1a-e7aa98d4941d"},"type":"Wait","inputs":{"interval":{"count":5,"unit":"Second"}}},"Create_worksheet":{"runAfter":{"Does_excel_file_exist":["Succeeded"]},"metadata":{"operationMetadataId":"eee0f8f0-8a20-4e0b-80a9-f44b3c25ccd3","tableId":null},"type":"OpenApiConnection","inputs":{"parameters":{"source":"me","drive":"b!-RFusWbFwUeVFD0PMQ0--eVKZFsDGVhPiOq67WtXzZKmK7Y5c0WqRL5BkNj4gJk5","file":"/Order entry workflow/Account overview/@{outputs('Process_invoices_(attachment)')?['body/responsev2/predictionOutput/result/fields/customerName/valueText']}.xlsx","body/name":"@substring(coalesce(outputs('Create_a_new_file_in_one_drive_(attachment)')?['body/NameNoExt']), 0, min(20, length(coalesce(outputs('Create_a_new_file_in_one_drive_(attachment)')?['body/NameNoExt'], 'Unknown'))))"},"host":{"apiId":"/providers/Microsoft.PowerApps/apis/shared_excelonlinebusiness","connectionName":"shared_excelonlinebusiness","operationId":"CreateWorksheet"},"authentication":"@parameters('$authentication')"}}},"runAfter":{"Filter_array":["Succeeded"]},"expression":"@equals(variables('fileReady'),true)","limit":{"count":10,"timeout":"PT1H"},"metadata":{"operationMetadataId":"c226641e-41bd-4223-8e38-53c5edb9dba0"},"type":"Until"},"Delay_2":{"runAfter":{"Do_until":["Succeeded"]},"metadata":{"operationMetadataId":"27ddf474-a7b2-4c3d-b582-ab446009fc1c"},"type":"Wait","inputs":{"interval":{"count":1,"unit":"Minute"}}}},"runAfter":{"Get_Attachment_(V2)":["Succeeded"]},"else":{"actions":{}},"expression":{"and":[{"endsWith":["@outputs('Get_Attachment_(V2)')?['body/name']",".pdf"]}]},"metadata":{"operationMetadataId":"681ffefb-9e18-4d10-9b28-e01d660c1d09"},"type":"If"},"Get_Attachment_(V2)":{"metadata":{"operationMetadataId":"a2e807c1-9d62-4657-9022-3700c341d472"},"type":"OpenApiConnection","inputs":{"parameters":{"messageId":"@triggerOutputs()?['body/id']","attachmentId":"@item()?['id']","extractSensitivityLabel":"false","fetchSensitivityLabelMetadata":"false"},"host":{"apiId":"/providers/Microsoft.PowerApps/apis/shared_office365","connectionName":"shared_office365","operationId":"GetAttachment_V2"},"authentication":"@parameters('$authentication')"},"description":"Get each attachment from the email to check its file type."}},"runAfter":{"worksheetName":["Succeeded"]},"metadata":{"operationMetadataId":"3f4c4f33-c096-460d-9c30-14a86bc2f831"},"type":"Foreach"},"fileReady":{"runAfter":{},"metadata":{"operationMetadataId":"4b3b4042-174a-43f5-a65d-68a792cfc206"},"type":"InitializeVariable","inputs":{"variables":[{"name":"fileReady","type":"boolean","value":false}]}},"worksheetName":{"runAfter":{"fileReady":["Succeeded"]},"metadata":{"operationMetadataId":"2450b00f-6ef4-4806-aae4-cf538fd40e67"},"type":"InitializeVariable","inputs":{"variables":[{"name":"worksheetName","type":"string"}]}}},"outputs":{}},"connectionReferences":{"shared_office365":{"connectionName":"shared-office365-73524e3b-2938-4bc2-8ef2-d160e9de5430","source":"Embedded","id":"/providers/Microsoft.PowerApps/apis/shared_office365","tier":"NotSpecified","apiName":"office365","isProcessSimpleApiReferenceConversionAlreadyDone":false},"shared_onedriveforbusiness":{"connectionName":"shared-onedriveforbu-3c693cf1-50e6-470b-9628-05a37b26e719","source":"Embedded","id":"/providers/Microsoft.PowerApps/apis/shared_onedriveforbusiness","tier":"NotSpecified","apiName":"onedriveforbusiness","isProcessSimpleApiReferenceConversionAlreadyDone":false},"shared_commondataserviceforapps":{"connectionName":"shared-commondataser-fd64f29f-b51a-4685-9edc-572ec7c55485","source":"Embedded","id":"/providers/Microsoft.PowerApps/apis/shared_commondataserviceforapps","tier":"NotSpecified","apiName":"commondataserviceforapps","isProcessSimpleApiReferenceConversionAlreadyDone":false},"shared_excelonlinebusiness":{"connectionName":"shared-excelonlinebu-a1dd2b76-8ce5-4702-8bf8-bcc1b3b474d4","source":"Embedded","id":"/providers/Microsoft.PowerApps/apis/shared_excelonlinebusiness","tier":"NotSpecified","apiName":"excelonlinebusiness","isProcessSimpleApiReferenceConversionAlreadyDone":false}},"flowFailureAlertSubscribed":false,"isManaged":false}}